feature,shap_importance
Sex_int,1.2330254316329956
Pclass_bin,0.6002187132835388
Age_bin,0.3597772419452667
Parch_bin,0.207307830452919
Embarked_int,0.1599258929491043
SibSp_bin,0.12387877702713013
Fare_bin,0.10916130989789963
