feature,shap_importance
Sex_int,1.3870431184768677
Pclass_bin,0.9765737652778625
Age_bin,0.37850266695022583
SibSp_bin,0.23501093685626984
Parch_bin,0.1266499012708664
Embarked_int,0.12382014840841293
Fare_bin,0.06952159851789474
