feature,mean_importance
Fare_bin,-0.0074843304389791586
Parch_bin,-0.000908596455112165
SibSp_bin,0.005332836919396566
Embarked_int,0.0074678829816541056
Age_bin,0.017988340584517416
Pclass_bin,0.1634503039273088
Sex_int,0.3356024995560902
