feature,weight
intercept,-1.5320346814184398
Pclass_bin,-1.073139172613886
Age_bin,-0.4588134398020505
SibSp_bin,-0.23639552979805503
Parch_bin,-0.0508992826760787
Fare_bin,-0.24333566721119057
Sex_int,2.774839886638843
Embarked_int,0.2105696600385282
