feature,shap_importance
Sex_int,1.3236400414474243
Pclass_bin,0.9996970652444199
Age_bin,0.27617175639381336
Fare_bin,0.14520238768811047
SibSp_bin,0.11740411258211159
Embarked_int,0.1069819586225597
Parch_bin,0.04121854286261049
