feature,shap_importance
Sex_int,0.2459103866684212
Pclass_bin,0.12179917680701985
Age_bin,0.025239734829006943
Fare_bin,0.020476186355079477
Embarked_int,0.014117898315861261
SibSp_bin,0.007452979377279691
Parch_bin,0.006329614606047668
