feature,shap_importance
Sex_int,0.26016809265581486
Pclass_bin,0.1351655767585408
Age_bin,0.02787658183784197
SibSp_bin,0.010960699544746565
Parch_bin,0.009457591321562361
Embarked_int,0.005892988625226718
Fare_bin,0.0016189734017488884
