feature,mean_importance
Fare_bin,0.0019255742545909228
Embarked_int,0.00292321433619096
Parch_bin,0.005205589444100667
SibSp_bin,0.015366981354541388
Age_bin,0.01828321687898673
Pclass_bin,0.16509042558032108
Sex_int,0.44202528633292576
