feature,shap_importance
Sex_int,0.21060613456747043
Pclass_bin,0.10208389708893964
Fare_bin,0.040964831361081824
Age_bin,0.023891950710293833
Embarked_int,0.01577693572966003
Parch_bin,0.008066050272636703
SibSp_bin,0.005624067120462453
