feature,shap_importance
Sex_int,1.1262297564135386
Pclass_bin,0.916385167877769
Age_bin,0.32364732578053457
Embarked_int,0.18354286957632943
SibSp_bin,0.1762804542551247
Fare_bin,0.12343649184018186
Parch_bin,0.004307827285019419
