feature,weight
intercept,-1.5886556246758006
Pclass_bin,-1.0086870748406302
Age_bin,-0.4633570442045699
SibSp_bin,-0.22745131707966768
Parch_bin,0.005638291125770472
Fare_bin,0.18584820119757717
Sex_int,2.5236586514952197
Embarked_int,0.3236150595161597
