feature,shap_importance
Sex_int,1.0629543525638612
Pclass_bin,0.6346847729219443
SibSp_bin,0.2262524244944456
Age_bin,0.17373751925112366
Parch_bin,0.14368624208894057
Fare_bin,0.13321135405250514
Embarked_int,0.10520616047949499
