feature,weight
intercept,-1.6717311584647143
Pclass_bin,-0.6625575664300616
Age_bin,-0.2507746067665101
SibSp_bin,-0.41183779558327405
Parch_bin,-0.19579966644226338
Fare_bin,0.28279976937635753
Sex_int,2.4068246577147243
Embarked_int,0.20174049090229432
