feature,mean_importance
Parch_bin,-0.0037965981177718877
Fare_bin,0.0032552636853541593
Embarked_int,0.007324158252846979
Age_bin,0.023964944824995893
SibSp_bin,0.05119046538051721
Pclass_bin,0.16150095830630712
Sex_int,0.47418034403064196
