feature,shap_importance
Sex_int,1.460581660270691
Pclass_bin,0.8320742845535278
Age_bin,0.29130178689956665
SibSp_bin,0.15137547254562378
Parch_bin,0.09200207889080048
Embarked_int,0.09073030948638916
Fare_bin,0.07944631576538086
