feature,mean_importance
Fare_bin,-0.0034495241606413594
Parch_bin,-0.0020718610553599357
Embarked_int,-0.0010668249939804753
SibSp_bin,0.023760958238324126
Age_bin,0.037848356766487214
Pclass_bin,0.12461125877366133
Sex_int,0.2867776688799929
